"hashtags/0/cover","hashtags/0/id","hashtags/0/name","hashtags/0/title","hashtags/1/cover","hashtags/1/id","hashtags/1/name","hashtags/1/title","hashtags/2/cover","hashtags/2/id","hashtags/2/name","hashtags/2/title","hashtags/3/cover","hashtags/3/id","hashtags/3/name","hashtags/3/title","hashtags/4/cover","hashtags/4/id","hashtags/4/name","hashtags/4/title","hashtags/5/cover","hashtags/5/id","hashtags/5/name","hashtags/5/title","hashtags/6/cover","hashtags/6/id","hashtags/6/name","hashtags/6/title","hashtags/7/cover","hashtags/7/id","hashtags/7/name","hashtags/7/title","hashtags/8/cover","hashtags/8/id","hashtags/8/name","hashtags/8/title","hashtags/9/cover","hashtags/9/id","hashtags/9/name","hashtags/9/title","searchHashtag/name","searchHashtag/views","text","playCount","mediaUrls/0","webVideoUrl","authorMeta/avatar","authorMeta/bioLink","authorMeta/digg","authorMeta/fans","authorMeta/following","authorMeta/heart","authorMeta/id","authorMeta/name","authorMeta/nickName","authorMeta/privateAccount","authorMeta/signature","authorMeta/ttSeller","authorMeta/verified","authorMeta/video","commentCount"
"","1673408343933958","pappasparlor","","","7188049443672752134","johankarlgren","","","1706474394019845","pappasparlorcustom","","","300756","thelamp","","","7291016980222935073","thelampstory","","","1652297809131525","redditstories","","","306936","reddit","",,,,,,,,,,,,,"redditstories","104600000000","15 years married, got 4 kids and making a living out of my hobby. Suddenly that lamp looks awfully flat. #pappasparlor #johankarlgren #pappasparlorcustom #thelamp #thelampstory #redditstories #reddit ","48400000","https://v16-webapp-prime.us.tiktok.com/video/tos/useast2a/tos-useast2a-ve-0068c001-euttp/oEvlbQDlIDBEBdibfEAQEMBFGguRLcMpy8eRPC/?a=1988&bti=NDU3ZjAwOg%3D%3D&ch=0&cr=3&dr=0&lr=unwatermarked&cd=0%7C0%7C0%7C&cv=1&br=962&bt=481&cs=0&ds=6&ft=4KJMyMzm8Zmo0XVSZ-4jVF2ZdpWrKsd.&mime_type=video_mp4&qs=0&rc=ODQ6ZjRpZGk5PDM5OmhlZkBpM2Z0ZWs5cm4zbzMzZjczM0AwMGItNTYtNTMxLy9eYjEvYSNiXmxjMmRjaGtgLS1kMWNzcw%3D%3D&btag=e00088000&expire=1716165188&l=20240518003251EEF5EF17A6313313DD11&ply_type=2&policy=2&signature=9933f3ede7f9f6d03bdefd31a7ed5497&tk=tt_chain_token","https://www.tiktok.com/@pappasparlor/video/7308791454841720097","https://p16-sign-va.tiktokcdn.com/tos-maliva-avt-0068/599949871df67992b11bc62408465b1b~c5_720x720.jpeg?lk3s=a5d48078&nonce=87441&refresh_token=2389a7f4d3679e747885d6ed71ba7584&x-expires=1716163200&x-signature=gVZ6Buo8inns1qkVBwsfQzr7CWE%3D&shp=a5d48078&shcp=b59d6b55",,"282","270600","45","13800000","6864475574619292677","pappasparlor","PappasParlor","false","Full time artist, part time hoarder of awesome crap.
Follow me on Instagram.","false","false","860","8033"
"","28546","dying","","","8193974","neardeath","","","1699810","sadstories","","","1652297809131525","redditstories","",,,,,,,,,,,,,,,,,,,,,,,,,"redditstories","104600000000","How do you imagine the afterlife? #dying #neardeath #sadstories #redditstories","15900000","https://v16-webapp-prime.us.tiktok.com/video/tos/useast2a/tos-useast2a-pve-0068/51562a3b50f5470abd4d866f2f8a5230/?a=1988&bti=NDU3ZjAwOg%3D%3D&ch=0&cr=3&dr=0&lr=unwatermarked&cd=0%7C0%7C0%7C&cv=1&br=748&bt=374&cs=0&ds=6&ft=4KJMyMzm8Zmo0XVSZ-4jVF2ZdpWrKsd.&mime_type=video_mp4&qs=0&rc=ZGRnMzQ7Nmc5PDllZ2g0O0BpM2loazs6ZnduOTMzNzczM0AxNi8xYDA0NjExYzJhMy1hYSNhMWhfcjQwb2pgLS1kMTZzcw%3D%3D&btag=e00088000&expire=1716165220&l=20240518003251EEF5EF17A6313313DD11&ply_type=2&policy=2&signature=7a48140a0a51747c2b3f7050f68d3149&tk=tt_chain_token","https://www.tiktok.com/@reddits.stories/video/7038367735851519238","https://p16-sign-va.tiktokcdn.com/tos-maliva-avt-0068/7315034094486683653~c5_720x720.jpeg?lk3s=a5d48078&nonce=67594&refresh_token=67a1c47bc0732f308005a639ce95b578&x-expires=1716163200&x-signature=BcbGfCuvzVASRB8JajXXTt0kVfU%3D&shp=a5d48078&shcp=b59d6b55",,"3921","3500000","32","206600000","6998874817601061894","reddits.stories","Reddit‘s Stories","false","Daily Videos For Your Entertainment","false","false","3781","24600"
"","2257540","crazystory","","","8514","real","","","1652297809131525","redditstories","","","306936","reddit","",,,,,,,,,,,,,,,,,,,,,,,,,"redditstories","104600000000","AITA? #crazystory #real #redditstories #reddit","15400000","https://v16-webapp-prime.us.tiktok.com/video/tos/useast5/tos-useast5-pve-0068-tx/a3feff665ef04f829de3923fd4dccfcd/?a=1988&bti=NDU3ZjAwOg%3D%3D&ch=0&cr=3&dr=0&lr=unwatermarked&cd=0%7C0%7C0%7C&cv=1&br=2760&bt=1380&cs=0&ds=6&ft=4KJMyMzm8Zmo0XVSZ-4jVF2ZdpWrKsd.&mime_type=video_mp4&qs=0&rc=ZTY2OjhpZjM2ZWdpZjw3ZkBpM2pqOTw6ZmYzZDMzZzczNEA0YjYuNDIwNWAxYWNeYC1jYSNecW9kcjRnaDRgLS1kMS9zcw%3D%3D&btag=e00090000&expire=1716165295&l=20240518003251EEF5EF17A6313313DD11&ply_type=2&policy=2&signature=eb717b46eae0ba5fa61dd0f588ee8e23&tk=tt_chain_token","https://www.tiktok.com/@reddit.realstories/video/7101625409187646766","https://p16-sign.tiktokcdn-us.com/tos-useast5-avt-0068-tx/8f12a60d9ffa3b3ced23c3d603a33427~c5_720x720.jpeg?lk3s=a5d48078&nonce=10171&refresh_token=ecc59a0f1b50b98a826bead87e398c99&x-expires=1716163200&x-signature=3xDyRYLNi5S%2BmPMw4keDLhQIIGA%3D&shp=a5d48078&shcp=b59d6b55",,"115","131700","5","8600000","6981390616342430726","reddit.realstories","Discussion Post","false","Real Reddit stories","false","false","15","36900"
"","229207","fyp","","","42164","foryou","","","88764338","foryoupage","","","2912140","reddi","","","1652297809131525","redditstories","","https://p16-amd-va.tiktokcdn.com/obj/musically-maliva-obj/c5643f4a10705da8a561323093b0cfe8.jpeg","7654","minecraft","Whether you are playing to create or playing to survive, you can celebrate all things #Minecraft on TikTok","","5424","funny","What's so #Funny?","","40736702","genz","","","17390742","minecraftgameplay","","https://p16-amd-va.tiktokcdn.com/obj/musically-maliva-obj/95dce3164582d8f6f960128e0fa2acb5","1361074","voiceeffects","A world of voices... Which will you choose? Change your voice with #VoiceEffects! 🎤✨","redditstories","104600000000","Them Stories Be So Wild 😭😭 #fyp #foryou #foryoupage #reddi #redditstories #minecraft #funny #genz #minecraftgameplay #voiceeffects ","12300000","https://v16-webapp-prime.us.tiktok.com/video/tos/useast5/tos-useast5-ve-0068c003-tx/oYKFRkFEECfDE1tIDAohAAybt4egR8QngESBE8/?a=1988&bti=NDU3ZjAwOg%3D%3D&ch=0&cr=3&dr=0&lr=unwatermarked&cd=0%7C0%7C0%7C&cv=1&br=2432&bt=1216&cs=0&ds=3&ft=4KJMyMzm8Zmo0XVSZ-4jVF2ZdpWrKsd.&mime_type=video_mp4&qs=0&rc=aDk0ZDQ6Njk6OTwzZ2U5N0BpMzNqbTM6ZmV2ajMzZzczNEAyLl8wNWAwXzQxNjVeYy40YSMuMXMtcjRfbTZgLS1kMS9zcw%3D%3D&btag=e00088000&expire=1716165189&l=20240518003251EEF5EF17A6313313DD11&ply_type=2&policy=2&signature=298a36993e5ed401706d1be48cf1eab2&tk=tt_chain_token","https://www.tiktok.com/@101percenthotstuff/video/7211333662384590123","https://p16-sign.tiktokcdn-us.com/tos-useast5-avt-0068-tx/f91d4e3cd5bed25373708a5765a45c86~c5_720x720.jpeg?lk3s=a5d48078&nonce=30370&refresh_token=c3a9648c937dfce626b630a073d67b89&x-expires=1716163200&x-signature=x0M2MPnuqc5hxIsRD3QtxpcR2j0%3D&shp=a5d48078&shcp=b59d6b55",,"150300","32800","1146","4100000","204164291195756544","101percenthotstuff","Anthony Walls","false","Anthony Walls🇺🇸
📍Texas
Single 🔓
🫶🏽
RIP Toby Keith 🕊️","false","false","245","6751"
"","35660","streetsmart","","","2234699","streetsmarts","","","1652297809131525","redditstories","","","1625494007395334","askreddit","",,,,,,,,,,,,,,,,,,,,,,,,,"redditstories","104600000000","What are your street tips? #streetsmart #streetsmarts #redditstories #askreddit","13800000","https://v16-webapp-prime.us.tiktok.com/video/tos/useast2a/tos-useast2a-ve-0068c003/d606e8ed39ad4bcdaf6c8ea9f5a726e8/?a=1988&bti=NDU3ZjAwOg%3D%3D&ch=0&cr=3&dr=0&lr=unwatermarked&cd=0%7C0%7C0%7C&cv=1&br=2144&bt=1072&cs=0&ds=6&ft=4KJMyMzm8Zmo0XVSZ-4jVF2ZdpWrKsd.&mime_type=video_mp4&qs=0&rc=OTw3Zzo7OzZlZDg5Njo3aEBpM3ZmbTg6ZnBvOTMzNzczM0AzMmI1NWBfNV8xYjZhYC0tYSNuaGcycjRfYmRgLS1kMTZzcw%3D%3D&btag=e00088000&expire=1716165206&l=20240518003251EEF5EF17A6313313DD11&ply_type=2&policy=2&signature=6f77e5985a239a9cfad42c05f704ccc3&tk=tt_chain_token","https://www.tiktok.com/@reddits.stories/video/7035000605839985925","https://p16-sign-va.tiktokcdn.com/tos-maliva-avt-0068/7315034094486683653~c5_720x720.jpeg?lk3s=a5d48078&nonce=67594&refresh_token=67a1c47bc0732f308005a639ce95b578&x-expires=1716163200&x-signature=BcbGfCuvzVASRB8JajXXTt0kVfU%3D&shp=a5d48078&shcp=b59d6b55",,"3921","3500000","32","206600000","6998874817601061894","reddits.stories","Reddit‘s Stories","false","Daily Videos For Your Entertainment","false","false","3781","14700"
"","229207","fyp","","","42164","foryou","","","88764338","foryoupage","","","306936","reddit","","","1652297809131525","redditstories","","","1636167463623685","redditreadings","","","7050932819886866438","redditafterdark","",,,,,,,,,,,,,"redditstories","104600000000","#fyp #foryou #foryoupage #reddit #redditstories #redditreadings #redditafterdark ","16300000","https://v16-webapp-prime.us.tiktok.com/video/tos/useast5/tos-useast5-ve-0068c001-tx/e6d9d34825ab4616a89d489a075a95d8/?a=1988&bti=NDU3ZjAwOg%3D%3D&ch=0&cr=3&dr=0&lr=unwatermarked&cd=0%7C0%7C0%7C&cv=1&br=2924&bt=1462&cs=0&ds=3&ft=4KJMyMzm8Zmo0XVSZ-4jVF2ZdpWrKsd.&mime_type=video_mp4&qs=0&rc=ODU1ZmZkMzw8ODc0ZGQ5M0BpM3NtdGc6ZndkajMzZzczNEA1MmIzMDYxNWAxMi5hNjQwYSNsZjQtcjQwazVgLS1kMS9zcw%3D%3D&btag=e00090000&expire=1716165339&l=20240518003251EEF5EF17A6313313DD11&ply_type=2&policy=2&signature=9b354fac8451b175157dd09bd6e87724&tk=tt_chain_token","https://www.tiktok.com/@redditafterdark_/video/7210453682436001067","https://p19-pu-sign-useast8.tiktokcdn-us.com/tos-useast5-avt-0068-tx/7313318357392949294~c5_720x720.jpeg?lk3s=a5d48078&nonce=74415&refresh_token=9585d7dcbb553b8ee95898ec2f6fca5f&x-expires=1716163200&x-signature=O5eWB6fOBmPf0gyS7BZ56XJQQS4%3D&shp=a5d48078&shcp=b59d6b55",,"2654","205400","40","22600000","7145045798606177326","redditafterdark_","Reddit After Dark","false","Leftist/Progressive
Solidarity Forever
Creators For Palestine
⬇️⬇️⬇️","false","false","568","30900"
"","7007558427958312961","aitareddit","","","1652297809131525","redditstories","","","229207","fyp","",,,,,,,,,,,,,,,,,,,,,,,,,,,,,"redditstories","104600000000","AITA For Outshing Bride #aitareddit #redditstories  #podcast #fyp #aita","16800000","https://v16-webapp-prime.us.tiktok.com/video/tos/useast5/tos-useast5-ve-0068c004-tx/oEzhjQpBzAc9ZdwiiPDDTAIxBBvAfATwAKEmEX/?a=1988&bti=NDU3ZjAwOg%3D%3D&ch=0&cr=3&dr=0&lr=unwatermarked&cd=0%7C0%7C0%7C&cv=1&br=1590&bt=795&cs=0&ds=6&ft=4KJMyMzm8Zmo0XVSZ-4jVF2ZdpWrKsd.&mime_type=video_mp4&qs=0&rc=OzU2Z2ZlNGQ6M2Q6aDdoaEBpanN5anc5cmU6cjMzZzgzNEAxNDJjYjAxXjExX18tNGI0YSNtLTJsMmRzLi1gLS1kLy9zcw%3D%3D&btag=e00090000&expire=1716165326&l=20240518003251EEF5EF17A6313313DD11&ply_type=2&policy=2&signature=55902bf951cfa5ffd4f671705bde1b6e&tk=tt_chain_token","https://www.tiktok.com/@comfortlevelpodcast/video/7349999997905095979","https://p19-pu-sign-useast8.tiktokcdn-us.com/tos-useast5-avt-0068-tx/df5b52d9c1eed2f1db3b6eee8d180b05~c5_720x720.jpeg?lk3s=a5d48078&nonce=22004&refresh_token=d304f400c100cc74d0528887174c0160&x-expires=1716163200&x-signature=rX6GEPRJObu52vari6lNj%2FSC1Ys%3D&shp=a5d48078&shcp=b59d6b55",,"213","588100","3","34100000","7080662283846239278","comfortlevelpodcast","ComfortLevelPodcast","false","Sit back and relax while we discuss Reddit stories from the internet. 🛋","false","false","411","13900"
"","1652297809131525","redditstories","","","7232735314110840875","relateabletimesnow","",,,,,,,,,,,,,,,,,,,,,,,,,,,,,,,,,"redditstories","104600000000","#redditstories #relateabletimesnow ","13900000","https://v16-webapp-prime.us.tiktok.com/video/tos/useast5/tos-useast5-pve-0068-tx/o8Dk1lVH6A1HQRzPgIe2hNSnnbccfujDDEBiGU/?a=1988&bti=NDU3ZjAwOg%3D%3D&ch=0&cr=3&dr=0&lr=unwatermarked&cd=0%7C0%7C0%7C&cv=1&br=5740&bt=2870&cs=0&ds=6&ft=4KJMyMzm8Zmo0XVSZ-4jVF2ZdpWrKsd.&mime_type=video_mp4&qs=0&rc=NjxnOmk0OTgzMzszZWc4ZEBpM3ZpdTY6ZnM2bDMzZzczNEBjYWIuYTE2NTIxYTBiLTAuYSNvcmRkcjRvXjBgLS1kMS9zcw%3D%3D&btag=e00090000&expire=1716165338&l=20240518003251EEF5EF17A6313313DD11&ply_type=2&policy=2&signature=cfd98137d15cb2356fec4c6c3988fb18&tk=tt_chain_token","https://www.tiktok.com/@relateabletimesnow/video/7243536072116800814","https://p16-sign-va.tiktokcdn.com/tos-maliva-avt-0068/198602c02743715b88a63a81657088f0~c5_720x720.jpeg?lk3s=a5d48078&nonce=96919&refresh_token=c89f0b4c34f56774f56c07ebe9594a19&x-expires=1716163200&x-signature=wqONq9ONep4wXJQq7O0eHZCpWNA%3D&shp=a5d48078&shcp=b59d6b55",,"498","220100","2","30000000","6924168947445597189","relateabletimesnow","Stay For More","false","Best Place For Stories
Follow for more","false","false","2467","18700"
"","306936","reddit","","","1625494007395334","askreddit","","","54628","married","","","1652297809131525","redditstories","",,"","",,,,,,,,,,,,,,,,,,,,,,"redditstories","104600000000","What did you find out about your husband only after you got married? #reddit #askreddit #married #redditstories Gameplay by: @Niphu","11900000","https://v16-webapp-prime.us.tiktok.com/video/tos/useast2a/tos-useast2a-ve-0068c003/997a16e2011e456c8bc276cf794649d8/?a=1988&bti=NDU3ZjAwOg%3D%3D&ch=0&cr=3&dr=0&lr=unwatermarked&cd=0%7C0%7C0%7C&cv=1&br=2428&bt=1214&cs=0&ds=6&ft=4KJMyMzm8Zmo0XVSZ-4jVF2ZdpWrKsd.&mime_type=video_mp4&qs=0&rc=O2c0PGU7NjM3NjY6MztmNkBpamd3NTQ6ZmU6OzMzNzczM0BhYS8zLzYvXzExLy4yNi9eYSNkbmpscjRnMWlgLS1kMTZzcw%3D%3D&btag=e00088000&expire=1716165222&l=20240518003251EEF5EF17A6313313DD11&ply_type=2&policy=2&signature=43fd326940789a5b46b899ef85562674&tk=tt_chain_token","https://www.tiktok.com/@reddits.stories/video/7073592254358703366","https://p16-sign-va.tiktokcdn.com/tos-maliva-avt-0068/7315034094486683653~c5_720x720.jpeg?lk3s=a5d48078&nonce=67594&refresh_token=67a1c47bc0732f308005a639ce95b578&x-expires=1716163200&x-signature=BcbGfCuvzVASRB8JajXXTt0kVfU%3D&shp=a5d48078&shcp=b59d6b55",,"3921","3500000","32","206600000","6998874817601061894","reddits.stories","Reddit‘s Stories","false","Daily Videos For Your Entertainment","false","false","3781","6974"
"","306936","reddit","","","1652297809131525","redditstories","","","42164","foryou","",,,,,,,,,,,,,,,,,,,,,,,,,,,,,"redditstories","104600000000","Part 1 #reddit #redditstories #foryou ","28600000","https://v16-webapp-prime.us.tiktok.com/video/tos/useast5/tos-useast5-ve-0068c002-tx/oEAaBCXyphkQTIrEpOkNAfFk0zabRgIJEZDaJw/?a=1988&bti=NDU3ZjAwOg%3D%3D&ch=0&cr=3&dr=0&lr=unwatermarked&cd=0%7C0%7C0%7C&cv=1&br=2508&bt=1254&cs=0&ds=6&ft=4KJMyMzm8Zmo0XVSZ-4jVF2ZdpWrKsd.&mime_type=video_mp4&qs=0&rc=PDpoNjgzaWg8M2c4ZWUzO0BpMzc7bDw6Zmw0bjMzZzczNEBgYl9jNV5gXmMxL18xXzJhYSM0M181cjQwNmZgLS1kMS9zcw%3D%3D&btag=e00090000&expire=1716165297&l=20240518003251EEF5EF17A6313313DD11&ply_type=2&policy=2&signature=93b6f83620956e1b9925efeca1bceeb2&tk=tt_chain_token","https://www.tiktok.com/@redditcookingtt/video/7287973463552183598","https://p16-pu-sign-useast8.tiktokcdn-us.com/tos-useast5-avt-0068-tx/fa25247b1c1f2a01e0c9746ea014b11e~c5_720x720.jpeg?lk3s=a5d48078&nonce=72113&refresh_token=3815cf0444feb3fad66525435abc10c8&x-expires=1716163200&x-signature=unWPX%2FO5svbtxlm5NnNPaOcUuXM%3D&shp=a5d48078&shcp=b59d6b55",,"279","242500","0","17000000","7255269274850739246","redditcookingtt","Reddit Stories","false","The Best Reddit Videos
-
Follow For More","false","false","180","2213"
"","1625494007395334","askreddit","","","1652297809131525","redditstories","","","1636167463623685","redditreadings","","","7083110557712302085","redditpixels","",,,,,,,,,,,,,,,,,,,,,,,,,"redditstories","104600000000","(TW: SA) Cousin falsely accused me of SA. Now my family is contacting me after almost 10 years #askreddit #redditstories #redditreadings #redditpixels","20800000","https://v16-webapp-prime.us.tiktok.com/video/tos/useast5/tos-useast5-ve-0068c001-tx/oowktRnEIDBDSGabbCAgUtheS53jC3UyAHeVSo/?a=1988&bti=NDU3ZjAwOg%3D%3D&ch=0&cr=3&dr=0&lr=unwatermarked&cd=0%7C0%7C0%7C&cv=1&br=3868&bt=1934&cs=0&ds=6&ft=4KJMyMzm8Zmo0XVSZ-4jVF2ZdpWrKsd.&mime_type=video_mp4&qs=0&rc=OTQ2ODk6MzVoNzk4Ozo2OkBpam47Zmc6ZjtzbDMzZzgzNEBhMmMvNmA2NWMxLWEtXjUzYSNvNS9jcjRvbW9gLS1kLy9zcw%3D%3D&btag=e000a0000&expire=1716165520&l=20240518003251EEF5EF17A6313313DD11&ply_type=2&policy=2&signature=312d253e583611906c3b1ce07ac4601d&tk=tt_chain_token","https://www.tiktok.com/@redditpixels/video/7257443895410216234","https://p19-pu-sign-useast8.tiktokcdn-us.com/tos-useast5-avt-0068-tx/adcbcb89bd72877b4fc8200bb3aede7d~c5_720x720.jpeg?lk3s=a5d48078&nonce=9212&refresh_token=c139b4ec2df1b624c7e3b89ac9c84555&x-expires=1716163200&x-signature=sP0%2B3nLiv9tSZsd6Un7uDNqhtF0%3D&shp=a5d48078&shcp=b59d6b55",,"0","124800","4","7700000","7076916447486133290","redditpixels","Reddit Pixels","false","Reddit readings and stories
redditpixels@proton.me","false","false","129","21300"
"","31989218","cbat","","","306936","reddit","","","1652297809131525","redditstories","",,,,,,,,,,,,,,,,,,,,,,,,,,,,,"redditstories","104600000000","2 years on repeat #cbat #reddit #redditstories","26800000","https://v16-webapp-prime.us.tiktok.com/video/tos/useast2a/tos-useast2a-ve-0068c003/a086cb453cfd4842b3255191537cd5a5/?a=1988&bti=NDU3ZjAwOg%3D%3D&ch=0&cr=3&dr=0&lr=unwatermarked&cd=0%7C0%7C0%7C&cv=1&br=3548&bt=1774&cs=0&ds=6&ft=4KJMyMzm8Zmo0XVSZ-4jVF2ZdpWrKsd.&mime_type=video_mp4&qs=0&rc=NjlmOGg1ODs0aWc1NzM6ZUBpM2VvazY6ZmtsZjMzNzczM0A0LS40NmMzNS8xMmEwLy8yYSNpNWtpcjRncV9gLS1kMTZzcw%3D%3D&btag=e00088000&expire=1716165179&l=20240518003251EEF5EF17A6313313DD11&ply_type=2&policy=2&signature=353ad01c14fae648872c0a71a0be4050&tk=tt_chain_token","https://www.tiktok.com/@vamuseum/video/7140232910120013061","https://p16-sign-va.tiktokcdn.com/tos-maliva-avt-0068/a8395306435d5fefc80d5e6d6fe6f06a~c5_720x720.jpeg?lk3s=a5d48078&nonce=37354&refresh_token=2bd29bf703e05ae46ea313b8b6256121&x-expires=1716163200&x-signature=GZyCSstTsI6Bl4%2F2zWay9Fp0MdM%3D&shp=a5d48078&shcp=b59d6b55",,"253","94300","186","2500000","6917646078272324610","vamuseum","V&A Museum","false","The V&A is a family of museums dedicated to the power of creativity #vamuseum","false","true","143","21000"
"","1663935709411330","capcut","CapCut is a new, easy-to-use video editing tool designed for mobile platforms. CapCut provides users with a wide range of video editing functions, filters, audio &amp; visual effects, video templates, while keeping it free of charge and ads-free. Everyone can be a creator by using CapCut.  

Start creating your cool videos today: 
https://capcut.onelink.me/XKqI/228cad85","","229207","fyp","","","42164","foryou","","","88764338","foryoupage","","","1637342470396934","fypシ","","","306936","reddit","","","1652297809131525","redditstories","","","1677151314968578","reddit_tiktok","","https://p16-amd-va.tiktokcdn.com/obj/musically-maliva-obj/8e4d8102460a60717c89acc2d6367a16.png","20884","viral","¡descubre las canciones en tendencia! 🔥➡️ https://bit.ly/TendenciasTikTok_LATAM","","40830","movies","","redditstories","104600000000","#CapCut  #fyp #foryou #foryoupage #fypシ #reddit #redditstories #reddit_tiktok #viral #movies","17200000","https://v16-webapp-prime.us.tiktok.com/video/tos/useast2a/tos-useast2a-ve-0068c001/oI2oygJnjBrJJXmeDv0K1AQyEBYMbjSQcRoVeO/?a=1988&bti=NDU3ZjAwOg%3D%3D&ch=0&cr=3&dr=0&lr=unwatermarked&cd=0%7C0%7C0%7C&cv=1&br=2496&bt=1248&cs=0&ds=6&ft=4KJMyMzm8Zmo0IVSZ-4jVexrQpWrKsd.&mime_type=video_mp4&qs=0&rc=OjgzPGkzPGk0NTc7MzVmZkBpajdrbTc6ZjZkaDMzNzczM0BhLjFjNV8wNTQxMDIxNTA0YSNxM2VwcjRnaDNgLS1kMTZzcw%3D%3D&btag=e00090000&expire=1716165329&l=20240518003253D19821F5ED71981F877A&ply_type=2&policy=2&signature=9a387e55f410e23835c7dd661e132921&tk=tt_chain_token","https://www.tiktok.com/@clarenceing/video/7173298604981996806","https://p77-sign-va.tiktokcdn.com/tos-maliva-avt-0068/f96bc9b5086652a2b197e6934b9de7a1~c5_720x720.jpeg?lk3s=a5d48078&nonce=6026&refresh_token=8aa092a5dfce7df428f4795e98c1d9b3&x-expires=1716163200&x-signature=LIyhMaYEr9zx9%2F0vLS2v9tp4I5Q%3D&shp=a5d48078&shcp=b59d6b55",,"3685","374300","120","17800000","7122719351610147845","clarenceing","clarenceing","false","Thanks for your attention
Updated daily🐥","false","false","610","2826"
"https://p16-amd-va.tiktokcdn.com/obj/musically-maliva-obj/d0e038a27406b0fbf4a0632f091b4f9a.png","35364","storytime","Share a story that's going on in your life or a factual one that you want the world to know! 📖","","229207","fyp","","","1652297809131525","redditstories","","","306936","reddit","","","42164","foryou","","","88764338","foryoupage","",,,,,,,,,,,,,,,,,"redditstories","104600000000","Part 1 #storytime #fyp #redditstories #reddit #foryou #foryoupage ","20900000","https://v16-webapp-prime.us.tiktok.com/video/tos/useast5/tos-useast5-ve-0068c003-tx/oAIDxZneei2qAmDHrR5QABwE6TSQISgbglcs4D/?a=1988&bti=NDU3ZjAwOg%3D%3D&ch=0&cr=3&dr=0&lr=unwatermarked&cd=0%7C0%7C0%7C&cv=1&br=2434&bt=1217&cs=0&ds=6&ft=4KJMyMzm8Zmo0IVSZ-4jVexrQpWrKsd.&mime_type=video_mp4&qs=0&rc=OzNlODZpOTw2NDc6PGZpZ0BpM3U4bzw6ZnR2bjMzZzczNEAuNF4vYDQyXmIxYF4wYC9eYSMxZGVycjRnbC1gLS1kMS9zcw%3D%3D&btag=e00090000&expire=1716165289&l=20240518003253D19821F5ED71981F877A&ply_type=2&policy=2&signature=a8c6208e97ac31038da3517ea0e390d5&tk=tt_chain_token","https://www.tiktok.com/@malunma98/video/7278323398323768618","https://p19-pu-sign-useast8.tiktokcdn-us.com/tos-useast8-avt-0068-tx2/b260e7b2a1a6fb1ef7911cd6a3380907~c5_720x720.jpeg?lk3s=a5d48078&nonce=99439&refresh_token=dfce85f31462ae082f6c550cfdbc1da3&x-expires=1716163200&x-signature=XuvBxIZVgUNXmPVqDg1cQwXWxHM%3D&shp=a5d48078&shcp=b59d6b55",,"0","128200","8","10800000","7273887375285191723","malunma98","Reddit Stories","false","","false","false","55","1316"
"","1663935709411330","capcut","CapCut is a new, easy-to-use video editing tool designed for mobile platforms. CapCut provides users with a wide range of video editing functions, filters, audio &amp; visual effects, video templates, while keeping it free of charge and ads-free. Everyone can be a creator by using CapCut.  

Start creating your cool videos today: 
https://capcut.onelink.me/XKqI/228cad85","","21754154","pyf","","","42164","foryou","","","88764338","foryoupage","","","1637342470396934","fypシ","","","1627129922920454","riddit","","","1652297809131525","redditstories","","","1677151314968578","reddit_tiktok","","https://p16-amd-va.tiktokcdn.com/obj/musically-maliva-obj/8e4d8102460a60717c89acc2d6367a16.png","20884","viral","¡descubre las canciones en tendencia! 🔥➡️ https://bit.ly/TendenciasTikTok_LATAM","","40830","movies","","redditstories","104600000000","#CapCut #pyf #foryou #foryoupage #fypシ #riddit #redditstories #reddit_tiktok #viral #movies ","19700000","https://v16-webapp-prime.us.tiktok.com/video/tos/useast2a/tos-useast2a-ve-0068c002/oM0ELhazQyOBQfWftYjRBQAIIaNPTjU7c7tupJ/?a=1988&bti=NDU3ZjAwOg%3D%3D&ch=0&cr=3&dr=0&lr=unwatermarked&cd=0%7C0%7C0%7C&cv=1&br=3306&bt=1653&cs=0&ds=6&ft=4KJMyMzm8Zmo0IVSZ-4jVexrQpWrKsd.&mime_type=video_mp4&qs=0&rc=Zzc7aDZkaDM1NTNpOWU2M0BpM2w0Njs6Znd2aDMzNzczM0BjLzEyYDRiXmExMS8uYC40YSNhYW5hcjRvczNgLS1kMTZzcw%3D%3D&btag=e00090000&expire=1716165244&l=20240518003253D19821F5ED71981F877A&ply_type=2&policy=2&signature=91e75d9c9ceed406f4d39e72a3b8cd3f&tk=tt_chain_token","https://www.tiktok.com/@movies.youyou/video/7173619682514144518","https://p16-sign-va.tiktokcdn.com/tos-maliva-avt-0068/b6d7ac51755f1cb049cba37cbc99cca3~c5_720x720.jpeg?lk3s=a5d48078&nonce=47696&refresh_token=6544f134463db83931e72dc02e8ce6fe&x-expires=1716163200&x-signature=p4LMMB2ZhEkRp0ad%2FmgsWGNI3fA%3D&shp=a5d48078&shcp=b59d6b55",,"1729","86500","55","5000000","7163200251930936326","movies.youyou","Movies.youyou","false","Thanks for watching 💋🔥🔥","false","false","94","2609"
